{
    "rmse": 0.6552568802897106,
    "mae": 0.4989243610529951,
    "r2": 0.25779391883316916
}