{
    "rmse": 0.6409376162286857,
    "mae": 0.5221006772129415,
    "r2": 0.284287594587029
}